{"LogisticRegression()": {"mspe": [0.0, 0.0, 0.0, 0.0, 1.0, 1.0, 0.0, 0.0, 0.0, 0.0, 1.0, 0.0, 0.0, 0.0, 0.0, 0.0, 0.0, 0.0, 0.0, 0.0, 0.0, 0.0, 0.0, 0.0, 0.0, 0.0, 1.0, 0.0, 0.0, 0.0, 0.0, 1.0, 0.0, 1.0, 0.0, 0.0, 0.0, 1.0, 0.0, 0.0, 0.0, 0.0, 1.0, 1.0, 0.0, 0.0, 0.0, 0.0, 0.0, 1.0, 0.0, 1.0, 0.0, 0.0, 1.0, 0.0, 0.0, 0.0, 0.0, 0.0, 0.0, 0.0, 0.0, 0.0, 0.0, 0.0, 0.0, 0.0, 0.0, 0.0, 1.0, 0.0, 0.0, 0.0, 0.0, 1.0, 0.0, 0.0, 0.0, 1.0, 0.0, 0.0, 0.0, 1.0, 0.0, 0.0, 1.0, 0.0, 0.0, 0.0, 0.0, 0.0, 0.0, 0.0, 0.0, 0.0, 1.0, 0.0, 0.0, 1.0, 0.0, 0.0, 0.0, 0.0, 0.0, 1.0, 0.0, 0.0, 0.0, 0.0, 0.0, 0.0, 0.0, 0.0, 1.0, 1.0, 0.0, 0.0, 0.0, 0.0, 0.0, 0.0, 1.0, 0.0, 0.0, 0.0, 1.0, 0.0, 0.0, 0.0, 0.0, 0.0, 0.0, 0.0, 0.0, 0.0, 0.0, 0.0, 1.0, 0.0, 0.0, 0.0, 1.0, 0.0, 0.0, 0.0, 0.0, 0.0, 1.0, 0.0, 0.0, 0.0, 0.0, 0.0, 0.0, 1.0, 0.0, 0.0, 0.0, 0.0, 0.0, 0.0, 0.0, 1.0, 0.0, 0.0, 0.0, 1.0, 0.0, 1.0, 0.0, 0.0, 0.0, 0.0, 0.0, 0.0, 0.0, 0.0, 0.0, 0.0, 0.0, 0.0, 0.0, 0.0, 0.0, 0.0, 0.0, 0.0, 0.0, 0.0, 0.0, 0.0, 0.0, 0.0, 0.0, 0.0, 0.0, 0.0, 0.0, 0.0]}, "LinearRegression()": {"mspe": [0.183168732454444, 0.010226706919339124, 0.09260682961737877, 0.26405957950377057, 0.35089876137093157, 0.6475914951677977, 3.7391907832890597e-05, 0.11090799277993899, 0.18333174296411087, 0.04147631992044652, 0.6704430212725037, 0.0477313799085359, 0.02374561078052713, 0.23186006698290373, 0.06970078290105501, 0.056483385810198065, 0.08478004460250203, 0.0041514879638340375, 0.0035663215380844233, 0.0036926467716057146, 0.07871930067631372, 0.03854993285486551, 0.0035768210453621667, 0.1557920529474175, 0.0727656475867209, 0.1284487698970195, 0.4377610886828516, 0.31968450773303864, 0.07737366166417774, 0.004855554113231101, 0.004780352229471982, 0.31335505883710313, 0.008159930280247004, 0.1423626542380252, 0.1473973134221044, 0.20252668133346846, 0.02487374632052647, 0.17057164200314637, 0.24532689266064137, 0.13576100777791042, 0.02375002262899619, 0.08439336619015463, 0.23161200147850297, 0.417656591966773, 0.10172806142090077, 0.05002387135716234, 0.04138464215743808, 0.19417929521545968, 0.0148819216828135, 0.39667424915660676, 0.022345564468070546, 0.43654715510303566, 0.09286108469016303, 0.07041146289978824, 0.15656853593680453, 0.019177977740208227, 0.1390222644003093, 0.42244744525830974, 0.004551496024760498, 0.15859782591885116, 0.006008392022444457, 0.15828384744456195, 0.011550025300787027, 0.00042353987577793716, 0.14148340529958064, 0.0800495164632927, 0.2341986108671002, 0.07690191139609384, 0.002540717671066857, 0.000892050673128627, 0.6149576991161262, 0.09675911649369688, 0.001876118518847781, 0.07536372358315593, 0.006182395792055942, 0.18366151165556593, 0.03161026216024915, 0.05305873239449261, 0.2124545728913863, 0.22756495303921181, 0.012683389310073795, 0.0779462200954994, 0.2564766946969372, 0.2932166069356976, 0.0032121265655877464, 0.05511592754469984, 0.4501919001563091, 0.0008161336587460963, 0.013069310223724534, 0.044122515549303035, 0.013933559530918804, 0.0027201568444876214, 0.007166577846215502, 0.021867144191694634, 0.17507318587318527, 0.2674564427899811, 0.49943312050963806, 0.015152365541679093, 0.18101051442520952, 0.3839704498449486, 0.36959590138197485, 0.06606105048143163, 0.028965556954950924, 0.0004788775080496243, 0.04443607547996176, 0.22707868178973903, 0.09070677866253818, 0.042071245681307864, 0.1500752603341278, 0.004939002503808778, 0.01774114616797844, 0.008281427804434159, 0.005292197284341187, 0.36638185808901136, 0.26199951917054326, 0.3723633028774159, 0.02565924160827427, 0.18544008223694733, 0.04323630355604088, 0.023765341003440136, 0.1440628854287197, 0.00018582384294256164, 0.6351109686022726, 0.3100697852411215, 0.1336929446171356, 0.02548884791891512, 0.5436801959764589, 0.08969297681457628, 0.012081207074361569, 0.00045352775886959554, 0.004627674020482672, 0.06123857135785198, 0.035541586729645906, 0.05774695765826457, 0.036125309935256575, 0.01140239429443, 0.007522564667279127, 0.07443982700705198, 0.3517035562070031, 0.020182946180417397, 0.3220232277647201, 0.15980489942491935, 0.3611645415038572, 0.09922423216154894, 0.13244744945385323, 0.09816468272402251, 0.014216094832586347, 0.13118835360499992, 0.7334003810553845, 0.14589501235728664, 0.13990209877994936, 0.3884420283484268, 0.009647172678522706, 6.871254011097122e-06, 0.0020925581647099137, 0.9194162558200256, 0.017732788000192796, 0.10416100820659953, 0.14031622719271492, 0.08786814250036501, 0.0014337233371852127, 0.05330442029311429, 0.010230127363695406, 0.15733893747340696, 0.033760192574700164, 0.11100914347657007, 0.10298217311058355, 0.282594123765131, 0.3220095888310087, 0.33729146140264676, 0.037567278191077094, 0.07781052946101374, 0.17007923861273988, 0.0173746247479076, 0.1693019610660394, 0.17602824452474458, 0.03906857318995499, 0.00032079306459031345, 0.0002513913953877324, 0.16141834307055497, 0.0013158018463683633, 0.07885458720509853, 0.02396868574851084, 0.03266806934433772, 0.011678064845512828, 0.057684851853593094, 0.01987054947337183, 0.0019815426249551946, 0.13314930880946407, 0.04064197355996942, 0.012184662172555375, 0.016668637646262845, 0.2503764167610817, 0.02321075820512511, 0.04707322644749396, 0.033423419291058624, 0.016980647373905415, 0.03839271643802172, 0.22049375786105577, 0.14036416007055597]}, "runtime": 4.288473606109619, "jobs": 5}